url                                        , title                                     , artist
https://www.youtube.com/watch?v=_5-QkAVRkqU, Bad Romance                               , Lady Gaga
https://www.youtube.com/watch?v=_fC4gB841VI, Digital Girl                              , Hatsune Miku
https://www.youtube.com/watch?v=_jEP347F6_g, Forever Young                             , Alphaville
https://www.youtube.com/watch?v=_lof1pYtL9Q, Basket Case                               , Green Day
https://www.youtube.com/watch?v=_qDML_BCju8, Eye of the Tiger                          , Survivor
https://www.youtube.com/watch?v=_y9wXb9IyXY, Good Time                                 , Alan Jackson
https://www.youtube.com/watch?v=0GVExpdmoDs, Animals                                   , Maroon 5
https://www.youtube.com/watch?v=0iFR754-E98, Come & Get It                             , Krewella
https://www.youtube.com/watch?v=0LMSF4tbHQQ, Iron Man - 2012 - Remaster                , Black Sabbath
https://www.youtube.com/watch?v=0P-_GnPdxZw, E.T.                                      , Katy Perry
https://www.youtube.com/watch?v=0PMKa3s2xp8, Habits                                    , Tove Lo
https://www.youtube.com/watch?v=0uPcPHIdcJc, Amazed                                    , Lonestar
https://www.youtube.com/watch?v=0Xa3lfd0ukk, Dreamscape                                , 009 Sound System
https://www.youtube.com/watch?v=0XFudmaObLI, Dancin - Krono Remix                      , Aaron Smith
https://www.youtube.com/watch?v=12OHeq-qYwI, Gee                                       , Girls' Generation
https://www.youtube.com/watch?v=1KqQQHpQc8w, Cloud 9                                   , Tobu Itro
https://www.youtube.com/watch?v=1rVY08gRGmA, Fairytale                                 , Alexander Rybak
https://www.youtube.com/watch?v=25ROFXjoaAU, Closer                                    , The Chainsmokers Halsey
https://www.youtube.com/watch?v=2fQDPGDewBc, Help Me Dr Dick - Radio Edit              , E-Rotic
https://www.youtube.com/watch?v=2jTwoSFdfSI, Beauty And A Beat                         , Justin Bieber Nicki Minaj
https://www.youtube.com/watch?v=2qhLxfZJlbs, Going Under                               , Evanescence
https://www.youtube.com/watch?v=2qIaYK0k1bk, Hate Me                                   , Ellie Goulding
https://www.youtube.com/watch?v=2qQWkJKrUf8, Always Forever                            , Cults
https://www.youtube.com/watch?v=2w_Ccpwbxgc, She Had Me At Heads Carolina              , Cole Swindell
https://www.youtube.com/watch?v=3A3hgfstCxE, Clocks                                    , Coldplay
https://www.youtube.com/watch?v=3C6smbJdKyY, All I Want Is You                         , Rebzyyx
https://www.youtube.com/watch?v=3M104iSE3CI, Handlebars                                , Flobots
https://www.youtube.com/watch?v=3MqUW5txLjs, Give Me Everything                        , Pitbull
https://www.youtube.com/watch?v=3oZunnY-Cbs, Edge of Seventeen                         , Stevie Nicks
https://www.youtube.com/watch?v=3-p0dy95T0Q, Silhoutte                                 , KANA-BOON
https://www.youtube.com/watch?v=3r6pBqmanH4, Guitar Sound                              , Ronald Jenkees
https://www.youtube.com/watch?v=3RmQTYLD398, Fortunate Son                             , Creedence Clearwater Revival
https://www.youtube.com/watch?v=3SttVoJ_8N8, Bleeding Love                             , Leona Lewis
https://www.youtube.com/watch?v=3Vzrr64ZrVU, Born This Way                             , Lady Gaga
https://www.youtube.com/watch?v=3Z1h2VE0hzs, Casin                                     , glue70
https://www.youtube.com/watch?v=47EG91_XHic, Call Me Maybe                             , Carly Rae Jepsen
https://www.youtube.com/watch?v=48WYrO_kxQQ, Get Busy                                  , Sean Paul
https://www.youtube.com/watch?v=49rhRF4bkf8, Gay Bar                                   , Electric Six
https://www.youtube.com/watch?v=4D7TjlDiuYM, Bulletproof                               , La Roux
https://www.youtube.com/watch?v=4kVieqd2_Eo, Against The Tide                          , Delta Heavy
https://www.youtube.com/watch?v=MJVaxL71uRY, Falling Down                              , Oasis
https://www.youtube.com/watch?v=4N-WFXpBjpc, death bed                                 , Powfu
https://www.youtube.com/watch?v=4OFNVYcjR1c, Happy Halloween                           , Junky
https://www.youtube.com/watch?v=4qae2BKuDEQ, Explosion                                 , Kalwi & Remi
https://www.youtube.com/watch?v=4-TbQnONe_w, bad guy                                   , Billie Eilish
https://www.youtube.com/watch?v=4UIFRUS0YYY, Close Eyes                                , DVRST
https://www.youtube.com/watch?v=4zv8pmTBXYQ, Cocaine                                   , Eric Clapton
https://www.youtube.com/watch?v=51XzW98wEDg, Boulevard of Broken Dreams                , Green Day
https://www.youtube.com/watch?v=-56x7std2pU, Fly Away                                  , TeddyLoid
https://www.youtube.com/watch?v=5dT-sGmImjc, abcdefu                                   , GAYLE
https://www.youtube.com/watch?v=5EBALIhQ0Tg, Die Young                                 , Kesha
https://www.youtube.com/watch?v=5eGbnVlRcRg, Complicated                               , Avril Lavigne
https://www.youtube.com/watch?v=5gg17XXXiNo, Dandelions                                , Ruth B.
https://www.youtube.com/watch?v=5IpYOF4Hi6Q, Another Brick in the Wall                 , Pink Floyd
https://www.youtube.com/watch?v=5KgSP3vjf4Y, Alien                                     , Your Favorite Martian
https://www.youtube.com/watch?v=5oWyMakvQew, Dreams                                    , Fleetwood Mac
https://www.youtube.com/watch?v=5PsnxDQvQpw, Everyday Normal Guy                       , Jon Lajoie
https://www.youtube.com/watch?v=5R_hVsk7mCU, Dirt Road Anthem                          , Jason Aldean
https://www.youtube.com/watch?v=5TJEXJTwVS8, Buy U a Drank                             , T-Pain
https://www.youtube.com/watch?v=5VJmR87-QbY, Crush                                     , Jennifer Paige
https://www.youtube.com/watch?v=5vNJwR2vVOk, One Last Breath                           , Creed
https://www.youtube.com/watch?v=5xc6lQzTUDA, Bad Apple!! - English Remaster            , RichaadEB
https://www.youtube.com/watch?v=5XfRjVo5wOE, Rock and Roll All Night                   , KISSOLOGY
https://www.youtube.com/watch?v=5Z0SSOwIIbA, Cotton Eye Joe                            , Rednex
https://www.youtube.com/watch?v=5Z56MZFMp0k, Discord                                   , Eurobeat Brony Odyssey
https://www.youtube.com/watch?v=62TrmUvQGjo, Cupid                                     , Fifty Fifty
https://www.youtube.com/watch?v=6cucosmPj-A, Every Breath You Take                     , The Police
https://www.youtube.com/watch?v=6DBA5Wx9T7U, Blue                                      , Eiffel 65
https://www.youtube.com/watch?v=6Dh-RL__uN4, Bitch Lasagna                             , PewDiePie
https://www.youtube.com/watch?v=-6hpGaTkP0A, Call on Me                                , Eric Prydz
https://www.youtube.com/watch?v=6L0LIo35sF4, Californication                           , Red Hot Chili Peppers
https://www.youtube.com/watch?v=6QYcd7RggNU, Attention                                 , Charlie Puth
https://www.youtube.com/watch?v=6SCQyBcHeDg, Dam Dadi Doo - Nightcore Single Mix       , Fantasy Project
https://www.youtube.com/watch?v=7ErhhvVPbg4, Be Alive!                                 , Nightcore
https://www.youtube.com/watch?v=7lBUiFdQLu0, Beautiful Girls                           , Sean Kingston
https://www.youtube.com/watch?v=7oBU7d5oenQ, Good Time                                 , Owl City
https://www.youtube.com/watch?v=7PYe57MwxPI, BUBBLE TEA                                , Dark Cat
https://www.youtube.com/watch?v=7QhlIGFb71A, Because I Got High                        , Afroman
https://www.youtube.com/watch?v=7VBI2wcKxGU, All That She Wants                        , Ace of Base
https://www.youtube.com/watch?v=7yqLKul8yAI, Adventure                                 , JJD
https://www.youtube.com/watch?v=80SKuF9wX2M, Ghost                                     , Mystery Skulls
https://www.youtube.com/watch?v=84sHTvn6xf8, Everytime We Touch                        , Cascada
https://www.youtube.com/watch?v=87K5Uh3AML0, Nippon Egao Hyakkei                       , Momokurotei Ichimon
https://www.youtube.com/watch?v=87nJoBSfQ_Q, Better Days                               , Citizen King
https://www.youtube.com/watch?v=8CLkVWB_Lj8, Don't Start Now                           , Dua Lipa
https://www.youtube.com/watch?v=8I5_gaxpuKE, Circus                                    , Britney Spears
https://www.youtube.com/watch?v=8MiuunmjvFo, Freak On a Leash                          , Korn
https://www.youtube.com/watch?v=8RxInn7tkRQ, Boondocks                                 , Little Big Town
https://www.youtube.com/watch?v=8uxt-FnNy2I, Don't Panic                               , Coldplay
https://www.youtube.com/watch?v=8ZIOkbrX_uU, Died In Your Arms                         , Cutting Crew
https://www.youtube.com/watch?v=8zZ5IWc1do0, Gas Gas Gas (Initial D)                   , Tsuko G.
https://www.youtube.com/watch?v=9eyyhtOrKPI, drop pop candy                            , Reol
https://www.youtube.com/watch?v=9jLN8MQRQh0, Friends                                   , Marshmello Anne-Marie
https://www.youtube.com/watch?v=9pIBHrlWrcc, Betty Boop                                , Betty Booom
https://www.youtube.com/watch?v=9vtigyRyK5c, Airplanes                                 , B.o.B Hayley Williams
https://www.youtube.com/watch?v=9w5OAUuGu8w, Brass                                     , Dirty Rush & Gregor Es
https://www.youtube.com/watch?v=9XvXF1LrWgA, Godzilla                                  , Eminem
https://www.youtube.com/watch?v=a7ZcDNys3ZU, Day 'N' Nite (Nightmare)                  , Kid Cudi
https://www.youtube.com/watch?v=AayfyQLJSAY, Airplane Mode                             , Limbo
https://www.youtube.com/watch?v=ADdpLv3RDhA, Fuck Tha Police                           , N.W.A.
https://www.youtube.com/watch?v=AGShYg_Mz_c, 7 Years                                   , Lukas Graham
https://www.youtube.com/watch?v=aHUVqV5CO6w, Children of the City                      , Mili
https://www.youtube.com/watch?v=aJYimlKdk2E, Clarissa                                  , Mindless Self Indulgence
https://www.youtube.com/watch?v=AKDlT3j8mwU, Fuck You  Goodbye                         , The Kid LAROI
https://www.youtube.com/watch?v=AkLM7CJEeBg, Everything Is AWESOME                     , Tegan and Sara
https://www.youtube.com/watch?v=ApsGBROQHgk, Carry on Wayward Son                      , Kansas
https://www.youtube.com/watch?v=aT5JaB5agSE, All Star                                  , Smash Mouth
https://www.youtube.com/watch?v=atjJVwok9ws, Fat Lip                                   , Sum 41
https://www.youtube.com/watch?v=Ava0duwBsZo, Duvet                                     , Boa
https://www.youtube.com/watch?v=AWFQx0gGXjs, Barbie Girl                               , Aqua
https://www.youtube.com/watch?v=AzSeR4nMaDg, Automatic Lover                           , Real McCoy
https://www.youtube.com/watch?v=azVokn2PRKc, Days Go By                                , Dirty Vegas
https://www.youtube.com/watch?v=b4taIpALfAo, Ghost                                     , Delta Heavy
https://www.youtube.com/watch?v=b7P97b64Q5E, Friends In Low Places                     , The Sounds Of Garth Brooks
https://www.youtube.com/watch?v=b8gctnTOv_4, color                                     , yama
https://www.youtube.com/watch?v=b9VVZ36n5YA, 4 Morant - better luck next time          , LUCENTIX INC.
https://www.youtube.com/watch?v=BhALP8W01Wc, Cascade                                   , Hyper
https://www.youtube.com/watch?v=bIbHSwSNV9E, Crazy Train                               , Ozzy Osbourne
https://www.youtube.com/watch?v=bjDixpdHLUA, Yuusha                                    , YOASOBI
https://www.youtube.com/watch?v=bk8uIa1ZNvE, Cherry Pop (feat. Gl!Tch)                 , Gl!Tch
https://www.youtube.com/watch?v=BLS26GU7QXc, Amber                                     , 311
https://www.youtube.com/watch?v=bO28lB1uwp4, Have You Ever Seen The Rain               , Creedence Clearwater Revival
https://www.youtube.com/watch?v=BoatSoGva_I, Little Dark Age                           , MGMT
https://www.youtube.com/watch?v=bPs0xFd4skY, Alone                                     , Alan Walker
https://www.youtube.com/watch?v=bqA0fhm3BY0, Maniac                                    , Michael Sembello
https://www.youtube.com/watch?v=bSwzZoLCoZ0, Bleed It Out                              , Linkin Park
https://www.youtube.com/watch?v=Bwah_U2C_EQ, Hard Times                                , Paramore
https://www.youtube.com/watch?v=bWqmc8qxEps, I'm A Believer                            , Smash Mouth
https://www.youtube.com/watch?v=c0csHgHwTC8, Frolic                                    , Luciano Michelini
https://www.youtube.com/watch?v=C3X_zx8q8_s, $ave Dat Money                            , Lil Dicky
https://www.youtube.com/watch?v=c4Z2Ft-JIp8, Candy Shop                                , 50 Cent Olivia
https://www.youtube.com/watch?v=C59dJfEFz2w, Angel                                     , Shaggy Rayvon
https://www.youtube.com/watch?v=c65R_OT6dCc, Anime Thighs                              , MC Virgins wonder
https://www.youtube.com/watch?v=C9He0mmSn3w, Don't Take The Girl                       , Tim McGraw
https://www.youtube.com/watch?v=cb3_e52oTHk, Drops of Jupiter                          , Train
https://www.youtube.com/watch?v=Cg6IDiTqIUs, SexyBack (feat. Timbaland)                , Justin Timberlake Timbaland
https://www.youtube.com/watch?v=CHBnW5KKhmY, Shum                                      , Go_A
https://www.youtube.com/watch?v=CJOn8PVBGqY, Days Go By                                , Keith Urban
https://www.youtube.com/watch?v=cl5ij7-KVBk, Baby Got Back                             , Sir Mix-A-Lot
https://www.youtube.com/watch?v=cMl9_IixsGk, BBoom BBoom                               , MOMOLAND
https://www.youtube.com/watch?v=Crxo1kiNJBE, Die Very Rough                            , Mario Judah
https://www.youtube.com/watch?v=cSLim4dNlgE, Dreams Come True                          , S.E.S.
https://www.youtube.com/watch?v=c-TRMKlfToA, Barracuda                                 , Heart
https://www.youtube.com/watch?v=cWAd2GcQ6JY, Cry for You                               , September
https://www.youtube.com/watch?v=CwiNlXybbrI, B.Y.O.B.                                  , System Of A Down
https://www.youtube.com/watch?v=CX8ItwVRYXs, Life Is Fun                               , Boyinaband TheOdd1sOut
https://www.youtube.com/watch?v=CZlfbep2LdU, Beep Beep I'm a Sheep                     , LilDeuceDeuce
https://www.youtube.com/watch?v=d_lZjm5YQmw, Bitches                                   , Mindless Self Indulgence
https://www.youtube.com/watch?v=D1sZ_vwqwcE, Flicker                                   , Porter Robinson
https://www.youtube.com/watch?v=dbevJM-2lcY, Can't Hold Us (feat. Ray Dalton)          , Macklemore Ryan Lewis Macklemore & Ryan Lewis ay Dalton
https://www.youtube.com/watch?v=ddgcdagdbwI, Break Your Heart                          , Taio Cruz
https://www.youtube.com/watch?v=dfEhJDB0bcI, Heads Will Roll                           , Yeah Yeah Yeahs
https://www.youtube.com/watch?v=DHPdNVtI-ug, Dumpster Cat                              , nihmune
https://www.youtube.com/watch?v=dIl8imdPrDE, Dance Mode                                , Joff Bush
https://www.youtube.com/watch?v=DKFS2tDsZRY, Billie Jean                               , Michael Jackson
https://www.youtube.com/watch?v=DOckYuS32iY, Chop Suey!                                , System Of A Down
https://www.youtube.com/watch?v=drT1uOViuz4, Clocktowers Beneath the Sea               , Pascal Michael Stiefel
https://www.youtube.com/watch?v=dv13gl0a-FA, Deja Vu (Initial D)                       , Tsuko G.
https://www.youtube.com/watch?v=DvvviZ3gZXM, Booty Swing                               , Parov Stelar
https://www.youtube.com/watch?v=dwDns8x3Jb4, Around the World                          , Daft Punk
https://www.youtube.com/watch?v=-4SWGhhYGtE, Freaks                                    , Timmy Trumpet
https://www.youtube.com/watch?v=E0JVvVPKnAk, Afternoon Break - P3R ver.                , ATLUS Sound Team
https://www.youtube.com/watch?v=e2rgGykSQ4s, Get Enough                                , Infuze
https://www.youtube.com/watch?v=EAmChFTLP4w, Hollaback Girl                            , Gwen Stefani
https://www.youtube.com/watch?v=EeeBH294v6I, Down Under                                , Men At Work
https://www.youtube.com/watch?v=ehZECQUvMhE, Down                                      , Jay Sean
https://www.youtube.com/watch?v=EJYKsY0Vcts, Deep In Abyss                             , Miyu Tomita
https://www.youtube.com/watch?v=ENnAa7rqtBM, Everyone Else Has Had More Sex Than Me    , TISM
https://www.youtube.com/watch?v=eqWpKATpZg4, Getting Away With Murder                  , Papa Roach
https://www.youtube.com/watch?v=EsvfptdFXf4, Cantina Band A New Hope                   , London Voices
https://www.youtube.com/watch?v=EuJ6UR_pD5s, World is Mine                             , Hatsune Miku
https://www.youtube.com/watch?v=EVieCIyWO-U, Surfin' Bird                              , The Junior Beats
https://www.youtube.com/watch?v=EXnLHmDuv4A, Crystal                                   , Stevie Nicks
https://www.youtube.com/watch?v=f1tZ8YxzNCU, Beautiful                                 , Eminem
https://www.youtube.com/watch?v=f2hnIqihrjk, Everlong                                  , Foo Fighters
https://www.youtube.com/watch?v=f75ZmwZhrEs, Best of Me                                , NEFFEX
https://www.youtube.com/watch?v=FCmz8VISkXc, Come and Get Your Love                    , Real McCoy
https://www.youtube.com/watch?v=FDMHZFJnk2s, Footloose                                 , Kenny Loggins
https://www.youtube.com/watch?v=FFmEATFnEzc, Freaky Friday                             , Lil Dicky
https://www.youtube.com/watch?v=FpbF21wtDlw, Bale Washintu                             , Gigi
https://www.youtube.com/watch?v=fPx-HQzBQ2M, Breathe                                   , Faith Hill
https://www.youtube.com/watch?v=FQvw2NBCR-E, East Bound and Down                       , Jerry Reed
https://www.youtube.com/watch?v=FtutLA63Cp8, Bad Apple!!                               , RichaadEB
https://www.youtube.com/watch?v=FUN0U80hELo, Fancy                                     , Reba McEntire
https://www.youtube.com/watch?v=FvLjJE7Bt88, Heads Carolina Tails California           , Jo Dee Messina
https://www.youtube.com/watch?v=fy62JXMjx8w, Evil Beauty                               , Blackmill
https://www.youtube.com/watch?v=g_mgqYb-GYw, Baby My Phone                             , Yameii Online
https://www.youtube.com/watch?v=G7iknJs99Sk, Fat                                       , Weird Al  Yankovic
https://www.youtube.com/watch?v=G7XkaEh36gQ, From Chaos                                , 311
https://www.youtube.com/watch?v=gaqfN9aGCSk, All I Do Is Win                           , DJ Khaled
https://www.youtube.com/watch?v=gdU5WkuHywY, Beelzeboss                                , Tenacious D
https://www.youtube.com/watch?v=gm3-m2CFVWM, Despacito                                 , Luis Fonsi
https://www.youtube.com/watch?v=GmG4X9PGOXs, Everyday Normal Guy 2                     , Jon Lajoie
https://www.youtube.com/watch?v=Gn-GoshohiQ, Cowboy Take Me Away                       , The Chicks
https://www.youtube.com/watch?v=gs1QVt02Hj8, Don't Need Nobody                         , Ellie Goulding
https://www.youtube.com/watch?v=GsgUXRv5Kjg, Call The Cops - Original Mix              , Secret Panda Society
https://www.youtube.com/watch?v=g-tNJrAgP54, Happy Now                                 , Zedd
https://www.youtube.com/watch?v=H5X9ntGFmBg, Asylums for the Feeling                   , Silent Poets Leila Adu
https://www.youtube.com/watch?v=h6hcmWtkkHQ, Freaking Out                              , Mystery Skulls
https://www.youtube.com/watch?v=h8Bbj2qkL4A, Aggretsuko Theme                          , Miura Jam
https://www.youtube.com/watch?v=hfgY62xMTtY, Castle in the Sky                         , DJ Satomi
https://www.youtube.com/watch?v=HgzGwKwLmgM, Don't Stop Me Now                         , Queen
https://www.youtube.com/watch?v=hH91cwQnVMk, Fallen Angel feat. Aimee B                , Aimee B
https://www.youtube.com/watch?v=hHB1Ikzfpmc, Enemy                                     , Imagine Dragons
https://www.youtube.com/watch?v=HJb0VYVtaNc, Blame                                     , Calvin Harris
https://www.youtube.com/watch?v=hO5KQgFjIxI, The Wolf Whistling Song                   , ROCKY CHACK
https://www.youtube.com/watch?v=HrAeHZe7XMs, Cold                                      , NEFFEX
https://www.youtube.com/watch?v=HRK_-LNDpcQ, A Sky Full of Stars                       , Coldplay
https://www.youtube.com/watch?v=hsXeFqj5p7Q, heart afire                               , Jodex
https://www.youtube.com/watch?v=I10uxTHryVc, Doki Doki Forever                         , OR3O
https://www.youtube.com/watch?v=I5GjALNHzPQ, Glad You Came                             , The Wanted
https://www.youtube.com/watch?v=I9V9DVUrxzg, Addict                                    , Silva Hound
https://www.youtube.com/watch?v=IB1URcYIaOE, Don't Be so Serious                       , Low Roar
https://www.youtube.com/watch?v=iGtQMT-QLgc, Break My Stride                           , Matthew Wilder
https://www.youtube.com/watch?v=ijKrFbLXkj8, Crash                                     , Neovaii
https://www.youtube.com/watch?v=IJNR2EpS0jw, Dumb Ways to Die                          , Tangerine Kitty
https://www.youtube.com/watch?v=iLBBRuVDOo4, Astronomia                                , Cruz Knox
https://www.youtube.com/watch?v=iLBBRuVDOo4, Coffin Dance                              , Tony Production
https://www.youtube.com/watch?v=iP0gJpZUF1Y, Die                                       , Jeff Williams
https://www.youtube.com/watch?v=iuLPgRLR-w0, Cut My Hair                               , Mounika
https://www.youtube.com/watch?v=IZBf16B5vhs, Amarillo By Morning                       , George Strait
https://www.youtube.com/watch?v=j0h2u87JwyA, Finale                                    , Madeon
https://www.youtube.com/watch?v=J95gaG7MYQY, All For You                               , Sister Hazel
https://www.youtube.com/watch?v=J---aiyznGQ, Fatso's Theme                             , Keyboard Cat
https://www.youtube.com/watch?v=jBRfkxUAyOk, Fishing In The Dark                       , Nitty Gritty Dirt Band
https://www.youtube.com/watch?v=JDKjX7YMJ6w, 100 Years                                 , Five For Fighting
https://www.youtube.com/watch?v=JnRw8bXVbPI, Bitter Sweet Symphony                     , The Verve
https://www.youtube.com/watch?v=joxBujMflPk, Chandelier                                , Sia
https://www.youtube.com/watch?v=jr6fOhS123s, Walk Like An Egyptian                     , The Bangles
https://www.youtube.com/watch?v=JSO8DnQW9vw, Last Surprise                             , Lyn
https://www.youtube.com/watch?v=JU5fiFEGk0Y, Goosebumps                                , Travis Scott
https://www.youtube.com/watch?v=J-Wv1BZH3vc, Back to Me                                , Vanotek Eneli
https://www.youtube.com/watch?v=JXOTmWl5t3A, Bluey Theme Tune - Extended               , Bluey
https://www.youtube.com/watch?v=k_o0B24QvHM, Graduation                                , Juice WRLD
https://www.youtube.com/watch?v=k1tQv-wIY6o, Grateful                                  , NEFFEX
https://www.youtube.com/watch?v=k85mRPqvMbE, Axel F                                    , Crazy Frog
https://www.youtube.com/watch?v=k8zAsybGPUc, Bye-Bye                                   , Jo Dee Messina
https://www.youtube.com/watch?v=kAJz7c97Cyo, Baby One More Time                        , Britney Spears
https://www.youtube.com/watch?v=KdMBLxqntH0, A Thousand Miles                          , Vanessa Carlton
https://www.youtube.com/watch?v=kHmMKh8FJlI, 空想メソロギヰ                            , Yousei Teikoku
https://www.youtube.com/watch?v=kJNyjdpT1vo, Dynamite                                  , Taio Cruz
https://www.youtube.com/watch?v=kJtRgsIbG24, Angel of Mine                             , Monica
https://www.youtube.com/watch?v=kmL8VakXiqc, Cold                                      , Maroon 5
https://www.youtube.com/watch?v=kOWVUIbl63k, Elements                                  , Lindsey Stirling
https://www.youtube.com/watch?v=Kq4OtRsdXls, Destination Calabria                      , Alex Gaudino
https://www.youtube.com/watch?v=KSbwHzlcgs8, Firework                                  , Katy Perry
https://www.youtube.com/watch?v=KT7F15T9VBI, Heat Waves                                , Glass Animals
https://www.youtube.com/watch?v=KtKXc_v2iLE, Forever and Ever  Amen                    , Randy Travis
https://www.youtube.com/watch?v=l0Yjc5aSgwI, California Gurls                          , Katy Perry Snoop Dogg
https://www.youtube.com/watch?v=l5t9IXtTr6g, Creep                                     , Radiohead
https://www.youtube.com/watch?v=L8VAIrYz_Zo, All I Wanna Do - Ferry Corsten Remix      , Aven
https://www.youtube.com/watch?v=LAPCmwYi7Kk, All I Ever Wanted                         , Basshunter
https://www.youtube.com/watch?v=LFFcyWGWz14, Gold Digger                               , Kanye West Jamie Foxx
https://www.youtube.com/watch?v=LFoacsmKV6o, Beautiful Life                            , Ace of Base
https://www.youtube.com/watch?v=LhZ5GXCZtEw, 24K Magic                                 , Bruno Mars
https://www.youtube.com/watch?v=ljOMhvh5L7E, 2 Phut Hon (KAIZ Remix)                   , Phao
https://www.youtube.com/watch?v=LJxHHMsduQg, Disturbia                                 , Rihanna
https://www.youtube.com/watch?v=2qkHZMS5lW8, Are You Gonna Kiss Me Or Not              , Thompson Square
https://www.youtube.com/watch?v=LOM0R6gvMac, Everywhere I Go                           , Hollywood Undead
https://www.youtube.com/watch?v=lrK3qEhKqEQ, Hate The Other Side                       , Juice WRLD
https://www.youtube.com/watch?v=LsHYFQgQxpw, Blood Water                               , grandson
https://www.youtube.com/watch?v=lsLlGENd-3Y, Miracle                                   , Cascada
https://www.youtube.com/watch?v=lsmceciTaUE, Crazy                                     , Gnarls Barkley
https://www.youtube.com/watch?v=l-TaaIQ2_1A, Cooler Than Me - Single Mix               , Mike Posner Gigamesh
https://www.youtube.com/watch?v=ltoaQo2ynSo, Bring Me To Life                          , Evanescence
https://www.youtube.com/watch?v=LTxHQTvYdbU, Go Fuck Yourself                          , Two Feet
https://www.youtube.com/watch?v=M59iQUTa5iM, Every Light In The House                  , Trace Adkins
https://www.youtube.com/watch?v=m6kb96YWXMA, FAIRY TAIL Main Theme                     , Yasuharu Takanashi
https://www.youtube.com/watch?v=MA0aCUxItYA, Demons                                    , Imagine Dragons
https://www.youtube.com/watch?v=maklLfjCO90, Drive By                                  , Train
https://www.youtube.com/watch?v=mb2QoaBy8ao, Crystallize                               , Lindsey Stirling
https://www.youtube.com/watch?v=mFGq92BYmt4, Death Stranding                           , CHVRCHES
https://www.youtube.com/watch?v=mgT0N3tMP74, Counting Stars                            , OneRepublic
https://www.youtube.com/watch?v=Mk-0amNJ87Q, Crazy Little Thing Called Love            , Queen
https://www.youtube.com/watch?v=mk3XycambgI, a thousand years                          , Christina Perri
https://www.youtube.com/watch?v=mmI3upHbiqU, Heaven                                    , DJ Sammy
https://www.youtube.com/watch?v=MO60ahwc8FI, Crossing Field                            , AmaLee
https://www.youtube.com/watch?v=mrLOeefZ4Xk, Hanezeve Caradhina                        , Kevin Penkin
https://www.youtube.com/watch?v=mWKDZRJWdF4, Everything Black                          , Unlike Pluto
https://www.youtube.com/watch?v=mY9fNwGE7YA, Cheap Thrills                             , Sia
https://www.youtube.com/watch?v=myr5JxC4b_I, Good Directions                           , Billy Currington
https://www.youtube.com/watch?v=N0ixzrZe--0, KISS OF DEATH Produced by HYDE            , Mika Nakashima
https://www.youtube.com/watch?v=N2hKJFRinI8, HandClap                                  , Fitz and The Tantrums
https://www.youtube.com/watch?v=N8OHSXvneOE, First Steps                               , Lena Raine
https://www.youtube.com/watch?v=n9h7hU6_VI4, Animal I Have Become                      , Three Days Grace
https://www.youtube.com/watch?v=NboJgnVMcvQ, DRIPPING INSANITY                         , the GazettE
https://www.youtube.com/watch?v=Ney-R7G3HGk, Bartender Song                            , Rehab
https://www.youtube.com/watch?v=NFeUko-lQHg, Break on Through                          , The Doors
https://www.youtube.com/watch?v=NGkXEGH0V1Y, カチューシャ                              , カチューシャ & ノンナ
https://www.youtube.com/watch?v=ngq5Aw0Q6rQ, All of Me                                 , John Legend
https://www.youtube.com/watch?v=-nhyd2RfHvs, Eternal Playground                        , Paradox
https://www.youtube.com/watch?v=NNMUuJWRyxc, American Idiot                            , Green Day
https://www.youtube.com/watch?v=No6lZJpRNwk, Dirty Thoughts                            , nihmune
https://www.youtube.com/watch?v=NOGEyBeoBGM, Heaven Is A Place On Earth                , Belinda Carlisle
https://www.youtube.com/watch?v=nR5l-1lmkkI, Alone                                     , Marshmello
https://www.youtube.com/watch?v=nTPn-NhBQzE, Classico                                  , Tenacious D
https://www.youtube.com/watch?v=NU61CbO9u6o, Faint                                     , Linkin Park
https://www.youtube.com/watch?v=o0GymJ2Qipc, Amish Paradise                            , Weird Al  Yankovic
https://www.youtube.com/watch?v=O2lzmpEs29M, The Less I Know The Better                , Tame Impala
https://www.youtube.com/watch?v=O6h1zQu1wDs, Bad Day                                   , Daniel Powter
https://www.youtube.com/watch?v=OE140zsQ08I, Cradles                                   , Sub Urban
https://www.youtube.com/watch?v=O-enjHes7PY, Cat Girls Are Ruining My Life!            , CORPSE
https://www.youtube.com/watch?v=OfWIGJpOih8, Don't Stop The Music                      , Rihanna
https://www.youtube.com/watch?v=ohZTUkH6qt8, Angel Of The Morning                      , Juice Newton
https://www.youtube.com/watch?v=oIFbxMSXfFc, Enormous Penis                            , Da Vinci's Notebook
https://www.youtube.com/watch?v=oIr5Eamemv8, Follow Me                                 , Tristam
https://www.youtube.com/watch?v=-ol3PSROlwg, ALL MY FELLAS                             , Frizk
https://www.youtube.com/watch?v=OMRj5zplvBM, Echo                                      , Crusher-P
https://www.youtube.com/watch?v=OnDu1HHOo78, Drift Away                                , Dobie Gray
https://www.youtube.com/watch?v=onzf3dyYGRI, Show It 2 Me                              , Night Club
https://www.youtube.com/watch?v=oPA0z4W-kcU, Centuries                                 , Fall Out Boy
https://www.youtube.com/watch?v=oq5-QUedI-Y, Miss RGB                                  , Bao The Whale nihmune Shylily
https://www.youtube.com/watch?v=OQkq9eoH63w, God Blessed Texas                         , Little Texas
https://www.youtube.com/watch?v=OqYG87oxlGo, Another Night                             , Real McCoy
https://www.youtube.com/watch?v=otvhRsE5iqs, Down The Road                             , C2C
https://www.youtube.com/watch?v=OujSu34XMN4, Always                                    , Erasure
https://www.youtube.com/watch?v=OVMuwa-HRCQ, Flight                                    , Tristam Braken
https://www.youtube.com/watch?v=oxotxP8sP44, Equestria Girls (Cafeteria Song)          , My Little Pony
https://www.youtube.com/watch?v=OZnBt2W48A0, Drop It Like It's Hot                     , Snoop Dogg
https://www.youtube.com/watch?v=ozZuHzYIsqY, ALWAYS DO                                 , The Kid LAROI
https://www.youtube.com/watch?v=P1y5FdSbjGM, Geronimo                                  , Sheppard
https://www.youtube.com/watch?v=P38YsTb2llE, Ex's & Oh's                               , Elle King
https://www.youtube.com/watch?v=p6U7zIY6zkA, Ghost                                     , Justin Bieber
https://www.youtube.com/watch?v=p7ZsBPK656s, Blank                                     , Disfigure
https://www.youtube.com/watch?v=pCSL48AI_Ms, Halo                                      , Beyonce
https://www.youtube.com/watch?v=PdDDkTEsFdA, Feel This Moment                          , Pitbull
https://www.youtube.com/watch?v=pdZ3t2HaPFs, Fight Back                                , NEFFEX
https://www.youtube.com/watch?v=pEf8Uj_Yc7U, Centerfold                                , The J. Geils Band
https://www.youtube.com/watch?v=PuDMg9-LZRk, Damn It Feels Good to Be a Gangsta        , Geto Boys
https://www.youtube.com/watch?v=pUROT2f6azM, Drop                                      , Connor Price
https://www.youtube.com/watch?v=pvy9km7g6fw, Bury the Light                            , Casey Edwards
https://www.youtube.com/watch?v=PwcOqxlfzqM, #BrooklynBloodPop!                        , SyKo
https://www.youtube.com/watch?v=PZbkF-15ObM, Delta                                     , C2C
https://www.youtube.com/watch?v=Pze8Dyqiky8, Don't Stop Believin'                      , Journey
https://www.youtube.com/watch?v=-q2zI0J9zj8, Best of You                               , Foo Fighters
https://www.youtube.com/watch?v=q7A6-Uyex8M, #SELFIE                                   , The Chainsmokers
https://www.youtube.com/watch?v=QAkccSjLfus, Check Yes Or No                           , George Strait
https://www.youtube.com/watch?v=qAyeM4f-lkQ, Angel With A Shotgun                      , The Cab
https://www.youtube.com/watch?v=QBgl4rVz3Ks, Fireflies                                 , Owl City
https://www.youtube.com/watch?v=QC2FoaT7Yb8, Can't Feel My Face                        , The Weeknd
https://www.youtube.com/watch?v=qchPLaiKocI, Get Down On It                            , Kool & The Gang
https://www.youtube.com/watch?v=qCTMq7xvdXU, everything i wanted                       , Billie Eilish
https://www.youtube.com/watch?v=qEvolDbi1tE, Iwatodai Dorm -Reload-                    , Lotus Juice ATLUS Sound Team ATLUS GAME MUSIC
https://www.youtube.com/watch?v=qg4NkA1B9Pc, Forgot About Dre                          , Eminem
https://www.youtube.com/watch?v=QhztLGBskt0, Absolutely                                , Nine Days
https://www.youtube.com/watch?v=qoflJn7zkFM, Sweet Child O' Mine                       , Guns N' Roses
https://www.youtube.com/watch?v=QOn24oRtJMQ, Achy Breaky Heart                         , Billy Ray Cyrus
https://www.youtube.com/watch?v=qrtu6RAYfuU, Mm-ma-ma                                  , Crazy Loop
https://www.youtube.com/watch?v=QvQw3NyALQo, dumb dumb                                 , mazie
https://www.youtube.com/watch?v=qYKIWYIMz7Q, Daymanstep                                , Joman
https://www.youtube.com/watch?v=R_uS0aT0bG8, Guitarmass                                , Infected Mushroom
https://www.youtube.com/watch?v=R_XFVAwqi78, Ass Like That                             , Eminem
https://www.youtube.com/watch?v=R1-dXhjE8i8, Easy Way Out                              , Low Roar
https://www.youtube.com/watch?v=r7dMJydKZLQ, American Boy                              , Estelle Kanye West
https://www.youtube.com/watch?v=ra_mr5JiHrI, Girls Like You                            , Maroon 5
https://www.youtube.com/watch?v=Ra52JOPdvis, After Dark                                , Mr.Kitty
https://www.youtube.com/watch?v=RBYu5tIT8O4, Gone Country                              , Alan Jackson
https://www.youtube.com/watch?v=rbZi9QVxU5M, シカ色デイズ                              , シカ部
https://www.youtube.com/watch?v=RE87rQkXdNw, Happier                                   , Marshmello
https://www.youtube.com/watch?v=rF5oITEq43Q, Apologize                                 , OneRepublic
https://www.youtube.com/watch?v=rg9wICDu42g, Can You Feel My Heart                     , Bring Me The Horizon
https://www.youtube.com/watch?v=RisWH8iMLdE, Cherry Pie                                , Warrant
https://www.youtube.com/watch?v=rQ1HENlbO9M, Die Anywhere Else                         , DM DOKURO GameChops
https://www.youtube.com/watch?v=rrim6_9VSeM, Back In Black                             , AC/DC
https://www.youtube.com/watch?v=rSvJ3fisrmE, Champion                                  , TCY FORCE
https://www.youtube.com/watch?v=RwBB45M6Hxk, Судно                                     , Molchat Doma
https://www.youtube.com/watch?v=rXF9ziZ3AU4, Cheerleader - Felix Jaehn Remix Radio Edit, OMI
https://www.youtube.com/watch?v=Rzk3x3HZbJI, Blinded By The Light                      , Manfred Mann's Earth Band
https://www.youtube.com/watch?v=S19UcWdOA-I, Fearless                                  , Lost Sky
https://www.youtube.com/watch?v=S3DcT4_8ulQ, Black and Yellow                          , Wiz Khalifa
https://www.youtube.com/watch?v=s7-GTShjcqY, Drakside                                  , Neoni
https://www.youtube.com/watch?v=S8dmq5YIUoc, AIAIAI                                    , Kizuna AI
https://www.youtube.com/watch?v=s8fzDm2Il2Y, Pika Girl                                 , S3RL
https://www.youtube.com/watch?v=sbdadgD_Px8, Hell's Greatest Dad                       , Andrew Underberg
https://www.youtube.com/watch?v=SBwoMJNxiFo, Bones                                     , Low Roar
https://www.youtube.com/watch?v=SdF6b8dIh4g, Chocolat                                  , TCY FORCE
https://www.youtube.com/watch?v=sG6SI3_Ztgg, Nobody - from Kaiju No. 8                 , OneRepublic
https://www.youtube.com/watch?v=sGzx9epNbZo, Dream with Me                             , EmoCosine
https://www.youtube.com/watch?v=skPpaaOrwNY, Diggy Diggy Hole                          , The Yogscast
https://www.youtube.com/watch?v=Sl2HeP8RlfU, Beautiful Now                             , Zedd Jon Bellion
https://www.youtube.com/watch?v=Sl6CJzRt1zY, Soul Phrase                               , Shuhei Kita
https://www.youtube.com/watch?v=Sn0gVjPrUj0, All The Small Things                      , Blink-182
https://www.youtube.com/watch?v=SoRqrVs2sac, Don't Turn Around                         , Ace of Base
https://www.youtube.com/watch?v=SoYLSOcgTeg, Bad Boy                                   , Cascada
https://www.youtube.com/watch?v=sVmvD2Tjglk, As Good As I Once Was                     , Toby Keith
https://www.youtube.com/watch?v=SWwjPr7N4vM, Whole Lotta Love                          , Led Zeppelin
https://www.youtube.com/watch?v=sY8aL17tusg, Don't Let Me Down                         , The Chainsmokers
https://www.youtube.com/watch?v=t6TxZn4zXB8, Jenny                                     , Studio Killers
https://www.youtube.com/watch?v=TedJdKZpNw8, All I Want To Do                          , Sugarland
https://www.youtube.com/watch?v=tfHn_txMqfQ, Drive                                     , Incubus
https://www.youtube.com/watch?v=Tg53zeCwgnY, Another One Bites The Dust                , Queen
https://www.youtube.com/watch?v=-TGPRg89eCw, All Around The World                      , A Touch Of Class
https://www.youtube.com/watch?v=-TGPRg89eCw, Around the World                          , A Touch Of Class Pete Konemann
https://www.youtube.com/watch?v=ticyjqmYptw, Do Better                                 , Feint
https://www.youtube.com/watch?v=TIdBScavkZo, Dust On The Bottle                        , David Lee Murphy
https://www.youtube.com/watch?v=TJrkufAAi5c, Goddess                                   , Cepheid Nonon
https://www.youtube.com/watch?v=T-KmspHeTGo, Acapella                                  , Karmin
https://www.youtube.com/watch?v=tq0yiIE52po, Harder To Breathe                         , Maroon 5
https://www.youtube.com/watch?v=tTsmVFbR100, Best Day Of My Life                       , American Authors
https://www.youtube.com/watch?v=TYYyMu3pzL4, First of the Year                         , Skrillex
https://www.youtube.com/watch?v=tzqw_Dqa0SU, Beautiful Lies                            , B-complex
https://www.youtube.com/watch?v=U0i66tU1GMk, Chipi Chipi Chapa Chapa                   , unshackled untouchable unloveable
https://www.youtube.com/watch?v=U1LB_OerHCE, Africa                                    , TOTO
https://www.youtube.com/watch?v=U2CEl2Qw6Nc, Dice of a Generation                      , Demondice
https://www.youtube.com/watch?v=U4lz8MN6MQA, Doom Crossing: Eternal Horizons           , The Chalkeaters Natalia Natchan
https://www.youtube.com/watch?v=u5KpZBQ6yGE, God Rest Ye Merry Gentlemen               , Pentatonix
https://www.youtube.com/watch?v=ubgFZnja_HE, Fly Away                                  , TheFatRat
https://www.youtube.com/watch?v=UfSBmK86MA0, Fill Me Up                                , ur pretty
https://www.youtube.com/watch?v=UGdSSQPUmVY, better off unlocked                       , meangirlxo
https://www.youtube.com/watch?v=UikVPIeovqo, Creepy Crawl                              , Necro
https://www.youtube.com/watch?v=UIMjF2qB-KA, Possibly Maybe                            , BjÃ¶rk
https://www.youtube.com/watch?v=uLj408wvIkY, She Wants Me Dead                         , CAZZETTE AronChupa The High
https://www.youtube.com/watch?v=ulNS48wPZ4Q, Everybody Talks                           , Neon Trees
https://www.youtube.com/watch?v=UlwfDIf8e3Q, Bumble Bee                                , Bambee
https://www.youtube.com/watch?v=uN46mvvLauQ, Born To Die                               , Lana Del Rey
https://www.youtube.com/watch?v=unYver25z9o, Deep Down                                 , Alok
https://www.youtube.com/watch?v=UsnRQJxanVM, Dragonborn                                , Jeremy Soule
https://www.youtube.com/watch?v=Uw_hZfH5Ukc, 9mm                                       , Memphis Cult
https://www.youtube.com/watch?v=UYCg6NBiXMI, Stitches                                  , Shawn Mendes
https://www.youtube.com/watch?v=UyjleBCXlbg, Build a Bitch                             , Bella Poarch
https://www.youtube.com/watch?v=V5VLaEMrFBQ, Hajimari no Sora                          , Hiro Mashima
https://www.youtube.com/watch?v=v6PDPMQVGDM, It's Going Down Now                       , Azumi Takahashi 
https://www.youtube.com/watch?v=v6y2zfy_YfE, Anytime Anywhere                          , Milet
https://www.youtube.com/watch?v=V79D8__4W9g, Gangsta's Paradise                        , Coolio L.V.
https://www.youtube.com/watch?v=v8xgecy_ivw, Hall of Fame                              , The Script
https://www.youtube.com/watch?v=vcESQKRnKuE, Cake By The Ocean                         , DNCE
https://www.youtube.com/watch?v=VE6654mb11c, How Do You Do - Nightcore Edit            , Boom Nightcore
https://www.youtube.com/watch?v=VEj0cuqVJ-I, Caramelldansen                            , Caramella Girls
https://www.youtube.com/watch?v=v-FVihIlU2g, As Long As You Love Me                    , Justin Bieber Big Sean
https://www.youtube.com/watch?v=vOreqez4v9Y, Forget                                    , Pogo
https://www.youtube.com/watch?v=VpfdfpoHgIs, Better Off Alone                          , Alice Deejay
https://www.youtube.com/watch?v=W0DM5lcj6mw, Believer                                  , Imagine Dragons
https://www.youtube.com/watch?v=-w2g-SJwnPs, Toca Toca                                 , Fly Project
https://www.youtube.com/watch?v=w2IuYn1PIiA, Drowning World                            , Andrew Applepie
https://www.youtube.com/watch?v=W4lnhdKMggA, A New Kind Of Love - Demo                 , Frou Frou
https://www.youtube.com/watch?v=w9UFKAHQIH8, Miss You                                  , Oliver Tree sped up nightcore
https://www.youtube.com/watch?v=WBbbD4OvzYI, Chasin' That Neon Rainbow                 , Alan Jackson
https://www.youtube.com/watch?v=wbZHhChx5yo, Bodies                                    , Drowning Pool
https://www.youtube.com/watch?v=wc0KMXXLfZ8, Come & Go                                 , Juice WRLD
https://www.youtube.com/watch?v=wFwYcHjP-YU, Come and Get Your Love - Single Version   , Redbone
https://www.youtube.com/watch?v=WGU_4-5RaxU, Heart Of Glass                            , Blondie
https://www.youtube.com/watch?v=wH3JmLBOnMU, Ashes                                     , Stellar
https://www.youtube.com/watch?v=wH50pCm6MeM, Heaven 2 Hell                             , Black Gryph0n Baasik Elsie Lovelock
https://www.youtube.com/watch?v=WJT5SGS6qkY, Fireball                                  , Pitbull
https://www.youtube.com/watch?v=WnLIGgTaBM0, Circles                                   , Post Malone
https://www.youtube.com/watch?v=WOP8iSaAQOE, Absolute Territory                        , Ken Ashcorp
https://www.youtube.com/watch?v=wpQ_R85VfJc, Clarity                                   , Zedd Foxes
https://www.youtube.com/watch?v=wpWrg6Hq5aE, Cool Kids                                 , Echosmith
https://www.youtube.com/watch?v=wqZ5iLOUOGA, Breakdown VIP                             , Noisestorm
https://www.youtube.com/watch?v=wSEsMpMxkg4, Float On                                  , Modest Mouse
https://www.youtube.com/watch?v=WTWNFegiosw, In Too Deep                               , Battle Tapes
https://www.youtube.com/watch?v=WvmUBM2q_nY, Click Bait                                , Gl!Tch
https://www.youtube.com/watch?v=WwJm5hnWv6E, Dilemma                                   , Nelly
https://www.youtube.com/watch?v=WXrdYwG17PE, Catgroove                                 , Parov Stelar
https://www.youtube.com/watch?v=wyRLWnS7wWE, Bad Romance                               , Halestorm
https://www.youtube.com/watch?v=x__N-31SpIk, Hide and Seek                             , GÃ¼nther
https://www.youtube.com/watch?v=X79sXBYYgIQ, Hellbent                                  , Mystery Skulls
https://www.youtube.com/watch?v=-x8kDmnk2x4, City of Angels                            , 24kGoldn
https://www.youtube.com/watch?v=xcy6I-dMb_I, Drop Dead                                 , INF1N1TE
https://www.youtube.com/watch?v=XEAyyEH5go8, Boom Clap                                 , Charli xcx
https://www.youtube.com/watch?v=xfODeSpvyMY, Carrying Your Love With Me                , George Strait
https://www.youtube.com/watch?v=xGFTHZGlU0Y, Take It Off                               , Kesha
https://www.youtube.com/watch?v=xHeguzIUEk4, とびだせ!バンキッキ(Casual Killer remix)  , ShibayanRecords
https://www.youtube.com/watch?v=XhohLI1Rupc, Got Me Thinking                           , Maduk
https://www.youtube.com/watch?v=X-hYLL7Gpos, A Boy Named Sue                           , Johnny Cash
https://www.youtube.com/watch?v=Xi1SmdBvJ5U, everything sucks                          , vaultboy
https://www.youtube.com/watch?v=xk9EuEwMKcM, Heartless                                 , Kanye West
https://www.youtube.com/watch?v=X-MFolNqjBk, Gold (feat. Casey Lee Williams)           , Jeff Williams Casey Lee Williams
https://www.youtube.com/watch?v=XRgiNUtJurk, Hello                                     , OMFG
https://www.youtube.com/watch?v=XsF8bfEDjhg, Get Up - General Electric Edit            , Global Deejays Technotronic
https://www.youtube.com/watch?v=xti_6Bzpa8A, DEVILS NEVER CRY                          , Capcom
https://www.youtube.com/watch?v=XwxLwG2_Sxk, Blinding Lights                           , The Weeknd
https://www.youtube.com/watch?v=Y0VfxCnP6_o, Full Bodied                               , GHOST DATA
https://www.youtube.com/watch?v=y56O2Oy_z6k, Fire Burning                              , Sean Kingston
https://www.youtube.com/watch?v=Y6Kz6aXsBSs, Black Hole Sun                            , Soundgarden
https://www.youtube.com/watch?v=y6y8bfyUWOw, Adventure of a Lifetime                   , Coldplay
https://www.youtube.com/watch?v=YAtc0d4fORg, Buttercup                                 , Jack Stauber
https://www.youtube.com/watch?v=yCOAuJsVIh4, Fire and the Flood                        , Vance Joy
https://www.youtube.com/watch?v=yeD7eAuza74, future base                               , Kizuna AI
https://www.youtube.com/watch?v=YELQ6-fbyt8, 0% Angel                                  , Mr.Kitty
https://www.youtube.com/watch?v=yh9MuejmUwM, Crab Rave                                 , Noisestorm
https://www.youtube.com/watch?v=YhGHsIhrnYU, Cum on Feel the Noize                     , Quiet Riot
https://www.youtube.com/watch?v=-yHoa4MR0W4, Better Now                                , Post Malone
https://www.youtube.com/watch?v=YIC1aK6CleE, Close to Me                               , Sabrepulse
https://www.youtube.com/watch?v=YJN6ZeRHc2E, Don't Trust Me                            , 3OH!3
https://www.youtube.com/watch?v=yk3prd8GER4, Bohemian Rhapsody                         , Queen
https://www.youtube.com/watch?v=yQ94uM_e4P4, Caffeine                                  , Jeff Williams & Casey Lee Williams
https://www.youtube.com/watch?v=Yr9ZaCSyL_c, Burn                                      , Ellie Goulding
https://www.youtube.com/watch?v=YRNyamyBOIQ, Astronaut In The Ocean                    , Masked Wolf
https://www.youtube.com/watch?v=yvkyeo_aWLs, Chattahoochee                             , Alan Jackson
https://www.youtube.com/watch?v=yydNF8tuVmU, Harder  Better  Faster  Stronger          , Daft Punk
https://www.youtube.com/watch?v=z_JgXjgkQCA, Feel It Still                             , Portugal. The Man
https://www.youtube.com/watch?v=z0GDXc9Mjc4, Baby Likes To Rock It                     , The Tractors
https://www.youtube.com/watch?v=zByoptQ2sS0, Iwato-dai Bunryō                          , ATLUS Sound Team
https://www.youtube.com/watch?v=zDfTD35K1Ww, D City Rock                               , TeddyLoid
https://www.youtube.com/watch?v=zFETyr6jFjw, Baby                                      , Charli xcx
https://www.youtube.com/watch?v=zhLl3kHbiQE, Faggot                                    , Mindless Self Indulgence
https://www.youtube.com/watch?v=zJBoTO6vZCc, All The Things She Said                   , t.A.T.u.
https://www.youtube.com/watch?v=ZLqAi6mn7pw, Any Man Of Mine                           , Shania Twain
https://www.youtube.com/watch?v=zNrKoWG7Cj0, Freak                                     , Sub Urban
https://www.youtube.com/watch?v=ZNsPYmkSPeI, Bones                                     , Imagine Dragons
https://www.youtube.com/watch?v=zq2pagG8_ok, Heathens                                  , Twenty One Pilots
https://www.youtube.com/watch?v=ZstsPUKT5CI, Build Our Machine                         , Dagames
https://www.youtube.com/watch?v=zTL6iep1ZKs, Why We Lose                               , Cartoon Joja Coleman Trapp
https://www.youtube.com/watch?v=zweVJrnE1uY, DECORATOR                                 , Hatsune Miku
https://www.youtube.com/watch?v=zwEyuzaNUTA, Good Riddance                             , Green Day
https://www.youtube.com/watch?v=ZWOluA-8tlw, Follow Me                                 , Uncle Kracker
https://www.youtube.com/watch?v=Zx8UqdI91z8, Cyka Blyat                                , Russian Village Boys
https://www.youtube.com/watch?v=ZxVw7bvMd3s, Feel Good Inc.                            , Gorillaz
https://www.youtube.com/watch?v=3F-efVh1es8, Hello How Are You                         , Hatsune Miku
https://www.youtube.com/watch?v=AgbIwtWi8JU, Hello Kitty                               , Avril Lavigne
https://www.youtube.com/watch?v=NJGPF7t368E, Hello Alone                               , Kizuna AI
https://www.youtube.com/watch?v=bQ7vLisggs4, Hello Morning                             , Kizuna AI
https://www.youtube.com/watch?v=geUeWJfoLJE, Hello Planet                              , Hatsune Miku
https://www.youtube.com/watch?v=VAotPZ815wE, Hentai Bitch                              , Shiki
https://www.youtube.com/watch?v=BCGH8eU-_lA, Here Comes the Sun                        , The Beatles
https://www.youtube.com/watch?v=H9gGfoo8P-0, Here I Go Again                           , Whitesnake
https://www.youtube.com/watch?v=jJHFirGQqvk, Here With Me                              , Chvrches
https://www.youtube.com/watch?v=27GX0ifCLaw, Here Without You                          , 3 Doors Down
https://www.youtube.com/watch?v=n3QD8yLlAfs, Here's a Quarter                          , Travis Tritt
https://www.youtube.com/watch?v=3gAJWGYRHVU, Hero                                      , Enrique Iglesias
https://www.youtube.com/watch?v=1ZCxXjDlaf8, We Could Be Heroes                        , Alesso
https://www.youtube.com/watch?v=gR87V9iSRfk, Heros on Fire                             , Karen Fukahara
https://www.youtube.com/watch?v=dFBBKfw59kA, He's a Pirate                             , Klaus Badelt
https://www.youtube.com/watch?v=kR9CcJt5SsY, Heut' ist mein Tag - Radio Mix            , Blümchen
https://www.youtube.com/watch?v=69Fb6XozEx8, Hey Brother                               , Avicii
https://www.youtube.com/watch?v=6tV8jb258w8, Hey There Delilah                         , Plain White T's
https://www.youtube.com/watch?v=RqIRp4QE-1k, Hey Ya                                    , Outkast
https://www.youtube.com/watch?v=Iurs-gVL48Y, Hey Soul Sister                           , Outkast
https://www.youtube.com/watch?v=ZZ5LpwO-An4, Fabulous Secret Powers                    , SLACKCiRCUS
https://www.youtube.com/watch?v=Uu21eqCD3NU, Hi I'm Dave                               , Lil Dickey
https://www.youtube.com/watch?v=fH_OnJk6QqU, High Hopes                                , Panic! At The Disco
https://www.youtube.com/watch?v=LMuDrj5BpM0, Highway to Hell                           , AC/DC
https://www.youtube.com/watch?v=p3pEe6aAJ4k, Hips Don't Lie                            , Shakira
https://www.youtube.com/watch?v=CIzZdsItsEY, Hit the Floor                             , DJ Electrohead
https://www.youtube.com/watch?v=7JHRNE1HeKE, Hold the Line                             , TOTO
https://www.youtube.com/watch?v=nVaWJwU-sG0, Holdin' On                                , Monsta & Skrillex
https://www.youtube.com/watch?v=v84KMXHIf9M, Holding out for a Hero                    , Bonnie Taylor
https://www.youtube.com/watch?v=mfqsEpjEtrw, Homicide                                  , Logic & Eminem
https://www.youtube.com/watch?v=oaF4HSL9xak, Honey I'm Good                            , Andy Grammer
https://www.youtube.com/watch?v=hHqWCweBoZU, Honey I'm Home                            , Shania Twain
https://www.youtube.com/watch?v=9l4YS4h1VqA, Honeypie                                  , Jawny
https://www.youtube.com/watch?v=y8vLMHeO_5s, Hot in Herre                              , Nelly
https://www.youtube.com/watch?v=N8nGig78lNs, Hot Milk                                  , Snail's House
https://www.youtube.com/watch?v=K9udREBvMdE, Hot 'n Cold                               , Katie Perry
https://www.youtube.com/watch?v=zt6aRKpf9T4, Hotline Bling                             , Drake
https://www.youtube.com/watch?v=fTMEMPA7eeA, Houdini                                   , Eminem
https://www.youtube.com/watch?v=Mxv7O6BkJeE, House of Memories                         , Panic! At The Disco
https://www.youtube.com/watch?v=eRepFA0EysM, How Bad Can I Be?                         , Ed Helms
https://www.youtube.com/watch?v=0GEX_sVwUn4, How Do You Do                             , Nightcore
https://www.youtube.com/watch?v=e7jDzeCJ9ZI, How Do You Like Me Now?                   , Toby Keith
https://www.youtube.com/watch?v=Al65fSFp2sA, How Forever Feels                         , Kenny Chesney
https://www.youtube.com/watch?v=wgXlRr4VLPI, How to Save a Life                        , The Fray
https://www.youtube.com/watch?v=AR0E8p2kYHE, Human                                     , Rag'n'Bone Man
https://www.youtube.com/watch?v=bGHGOMcW7OM, Hung Up                                   , Madonna
https://www.youtube.com/watch?v=4ahHWROn8M0, Hurt                                      , Johnny Cash
https://www.youtube.com/watch?v=Q83fk9WD0nU, Hustlin'                                  , Rick Ross
https://www.youtube.com/watch?v=DzlfEih1NCM, Hymn For The Weekend                      , Coldplay
https://www.youtube.com/watch?v=eaPzCHEQExs, Hypnotize                                 , The Notorious B.I.G.
https://www.youtube.com/watch?v=42oK5vjD2UU, I Ain't Worried                           , OneRepublic
https://www.youtube.com/watch?v=jYlQF39LBi4, I Burn                                    , Casey Lee Williams
https://www.youtube.com/watch?v=b0cAWgTPiwM, I Can See Clearly Now                     , Johnny Nash
https://www.youtube.com/watch?v=XeuOAcrT_bc, I Can Still Make Cheyenne                 , George Strait
https://www.youtube.com/watch?v=xmn5dkjUyS0, I Can't Be Cool                           , Ilaria Graziano
https://www.youtube.com/watch?v=kXMwZNRiPe0, I Can't Fix You                           , The Living Tombstone
https://www.youtube.com/watch?v=RPddhaL6FFE, I Can't Go Back To The Way It Was         , Kid Laroi
https://www.youtube.com/watch?v=fZcScHIS7Sg, I Could Be The One                        , Avicii
https://www.youtube.com/watch?v=WTak0ZJ4vzo, I Do (Charish You)                        , Mark Wills
https://www.youtube.com/watch?v=z0jjf9PCcu4, I Don't Want This Night To End            , Luke Bryan
https://www.youtube.com/watch?v=iIWoYaJRryw, I Feel It Comming                         , The Weeknd
https://www.youtube.com/watch?v=ipii7KbbJLY, I Got a Feeling                           , The Blacked Peas
https://www.youtube.com/watch?v=AbPvHa_O-4U, I Guess It's Love                         , The Kid LAROI
https://www.youtube.com/watch?v=GrD3dDUKxYY, I Hate Everything About You               , Three Days Grace
https://www.youtube.com/watch?v=xHOgq4C8P9Y, I Kissed A Girl                           , Katy Perry
https://www.youtube.com/watch?v=9eakEQSBR8o, I Knew You Were Trouble                   , Taylor Swift
https://www.youtube.com/watch?v=aAZVtj_JsCY, I Like It I love It                       , Tim McGraw
https://www.youtube.com/watch?v=C09S2BKT5V0, I Like The Way You Kiss Me                , Ericovich
https://www.youtube.com/watch?v=lTieq1DrEec, I Like You                                , Post Malone
https://www.youtube.com/watch?v=8FqqD38g_H0, I Love It                                 , Icona Pop
https://www.youtube.com/watch?v=xpbqJ1qvCPQ, I Love You Always Forever                 , Donna Lewis
https://www.youtube.com/watch?v=GGoiOfHsuUA, I May Fall                                , Jeff Williams
https://www.youtube.com/watch?v=hHIlzdISO5w, I Nyaned For Hours                        , Hatsune Miku
https://www.youtube.com/watch?v=-__6jnfQ444, I Really Want to Stay at Your House       , Rosas Walton
https://www.youtube.com/watch?v=fGUXDvzUOPY, I Ship It                                 , Not Literally
https://www.youtube.com/watch?v=81KvRXxmcEI, I Took a Pill In Ibiza                    , Mike Posner
https://www.youtube.com/watch?v=qjlVAsvQLM8, I Want It That Way                        , Backstreet Boys
https://www.youtube.com/watch?v=4QwZi9-7i5s, I Want You                                , Savage Garden
https://www.youtube.com/watch?v=Ydx5Fqyecss, I Want You To Know                        , Selena Gomez
https://www.youtube.com/watch?v=rBaGZ6k4tBE, I Was Made For Lovin You                  , Kiss
https://www.youtube.com/watch?v=82N3iOVoR54, I Wish                                    , Infected Mushroom
https://www.youtube.com/watch?v=V3soG5njoNw, I Write Sins Not Tragedies                , Panic! At The Disco
https://www.youtube.com/watch?v=mSiAVUz0Blg, Ice Ice Baby                              , Vanilla Ice
https://www.youtube.com/watch?v=i2giZNNZXH8, Ieven Polka                               , Loituma
https://www.youtube.com/watch?v=aonx3zgtNYU, If I Could Make a Living                  , Clay Walker
https://www.youtube.com/watch?v=V0MLV_iWKPI, If I Had You                              , Adam Lambert
https://www.youtube.com/watch?v=yVX52rZipbo, I'll Be Missing You                       , Diddy
https://www.youtube.com/watch?v=KnrGMHhnqrw, I'll Keep Coming                          , Low Roar
https://www.youtube.com/watch?v=9zo-A_F7awg, I'll Be Alright                           , Jo Dee Messina
https://www.youtube.com/watch?v=mBefRSd4gsU, I'm From The Country                      , Tracy Byrd
https://www.youtube.com/watch?v=NKxVjm2MFwE, I'm Gonna Be                              , The Proclaimers
https://www.youtube.com/watch?v=78AyhdkcDBU, I'm Gonna Miss Her, Brad Paisley
https://www.youtube.com/watch?v=Y5dEp-nN6qQ, I'm Good, David Guetta
https://www.youtube.com/watch?v=15gT9HByEN4, I'm in a Hurry, Alabama
https://www.youtube.com/watch?v=AdMRdpcQdbg, I'm Just a Kid, Simple Plan
https://www.youtube.com/watch?v=bQBdT1qtZbw, I'm on a Boat, The Lonely Island
https://www.youtube.com/watch?v=VcrQLTcRTmI, I'm Sorry, Riotron
https://www.youtube.com/watch?v=J2TKTLOwjeg, I'm Yours, Jason Mraz
https://www.youtube.com/watch?v=P3Y8OWkiUts, Immigrant Song, Led Zeppelin
https://www.youtube.com/watch?v=VDakK46dnyY, Imprint, NBSPLY
